name,type,content,description,enabled
WIRED_CORP,network,10.80.100.0/24,VLAN 100 wired corp,1
WL_CORP,network,10.80.101.0/24,VLAN 101 corporate wifi,1
WL_GUEST,network,10.80.102.0/24,VLAN 102 guest wifi,1
ACS,network,10.80.103.0/24,VLAN 103 ACS,1
CCTV,network,10.80.104.0/24,VLAN 104 CCTV,1
DEFAULT_VLAN,network,10.80.10.0/24,VLAN 1 leftover default,1
SSLVPN_POOL,network,10.80.200.0/28,Former SSL VPN pool - use for WireGuard,1
OFFICE_PC,host,10.80.100.103,PEAK-APP host (HTTP/HTTPS VIP),1
OFFICE_PC_2,host,10.80.100.104,Clone of OFFICE_PC,1
ACS_SERVER,host,10.80.100.10,ACS SQL/RDP host,1
AKRIVIA_HR,host,34.87.189.127,Akrivia HR source (was unused as policy src),1
CEISIEC,host,ceisiec.com,FQDN allow,1
MAC_WHITELIST,mac,"28:c5:c8:6d:5c:81
34:19:4d:46:d0:4a
c4:c6:e6:9f:1a:d2
04:d9:c8:19:2c:64
98:bd:80:f7:a8:24
9a:bd:80:f7:a8:23
98:bd:80:f7:a8:23
d6:50:65:b3:d4:67
e0:51:d8:1c:e0:cb
0e:51:d8:1c:e2:01
c4:c6:e6:9f:1a:2a
98:bd:80:f7:d0:0f
ee:f4:2d:9b:1f:0d
c4:c6:e6:55:5d:e0
c2:35:32:30:33:f9
c0:35:32:30:33:f9
9e:6e:4c:cc:47:04
c4:c6:e6:31:e5:b9
e4:c7:67:d4:e5:7d
e4:c7:67:d4:e5:7c
ac:91:a1:61:dd:db
90:09:df:2e:dc:db
46:00:02:61:41:19
34:19:4d:7c:f9:d4
c4:c6:e6:76:4f:a7
e8:bf:b8:09:84:32
e8:bf:b8:09:84:31
a8:4a:63:f0:09:37
ea:bf:b8:09:84:31
ba:3d:e3:69:57:31
c4:c6:e6:c8:ad:41
98:5f:41:4d:ee:8d
98:5f:41:4d:ee:8c
26:b2:eb:c8:ee:d4
c4:c6:e6:aa:9a:4f
d0:65:78:3d:9a:ba
d0:65:78:3d:9a:b9
46:6a:3d:19:60:55
c4:c6:e6:9f:1a:2c
98:bd:80:f8:2f:d8
98:bd:80:f8:2f:d7
f2:2b:8d:10:05:ed
d0:65:78:0b:02:5c
0e:d6:2c:eb:be:29
c4:c6:e6:aa:9b:87
a8:4a:63:40:dc:ee
d0:65:78:0b:02:7b
d0:65:78:0b:02:7a
c4:c6:e6:9f:1a:bc
98:bd:80:f7:c2:e1
98:bd:80:f7:c2:e0
ce:22:4f:b0:61:7b
c4:c6:e6:9f:1a:24
98:bd:80:f8:73:99
98:bd:80:f8:73:98
f2:29:03:7f:50:3b
c4:c6:e6:9f:1a:ce
98:bd:80:f8:58:4b
98:bd:80:f8:58:4a
3a:c3:9a:fe:86:37
c4:c6:e6:9f:1a:18
98:bd:80:f7:9b:04
98:bd:80:f7:9b:03
36:f2:b7:1c:6e:b7
02:94:89:cb:48:79
c4:c6:e6:9f:1a:c8
98:bd:80:f8:58:46
98:bd:80:f8:58:45
52:4b:34:55:e1:fc
c4:c6:e6:9f:1a:c4
98:bd:80:f8:4a:7c
98:bd:80:f8:4a:7b
8e:f4:30:00:80:e7
c4:c6:e6:aa:9b:a7
d0:65:78:0b:cd:36
32:24:ee:2a:32:38
4c:d7:17:a4:2a:d0
4c:d7:17:a4:2b:11
d0:ad:08:6d:2b:92
34:19:4d:46:d0:66
34:19:4d:7d:04:e1
34:19:4d:7a:42:a6
34:19:4d:7a:30:7c
34:19:4d:7c:f1:a8
d0:65:78:3f:65:a1
d2:65:78:3f:65:a1
d0:65:78:3f:65:a2
a8:4a:63:40:dc:cf
c4:c6:e6:aa:9a:1f
00:ff:96:ed:9c:86
42:bd:69:b3:40:b4
3e:d0:ed:9d:87:82
d0:65:78:3f:e4:40
d2:65:78:3f:e4:40
d0:65:78:3f:e4:41
c4:c6:e6:aa:9b:5f
1e:13:ab:c7:aa:0f
d0:65:78:3d:c5:b6
e6:62:17:c9:88:c0
a6:8d:e5:7e:bd:1a
ac:b4:80:3c:dd:b9
c4:c6:e6:9f:1a:36
98:bd:80:f7:7e:ac
94:bd:be:10:d1:66
50:81:40:9a:7a:a3
84:47:09:33:82:b4
d4:a2:cd:aa:7a:fd",FortiGate MAC WHITELIST group,1
LAN_RFC1918,network,"10.80.0.0/16",PEAK internal supernet,1
WG_ADMIN_NET,network,10.80.200.0/28,WireGuard admin/staff tunnel net,1
